id,start,oospore_maturation,oospore_germination,oospore_dispersion,oospore_infection,completed_incubation,sporulation,sporangia_density,secondary_infection,oospore_infection_strength,secondary_infection_strength
16554,2025-04-26 00:00:00+02:00,2025-04-26 00:00:00+02:00,2025-05-03 07:10:00+02:00,2025-05-03 07:10:00+02:00,2025-05-03 10:30:00+02:00,2025-05-15 10:30:00+02:00,2025-05-20 01:20:00+02:00,111507.69230769233,2025-05-20 02:40:00+02:00,174.06666666666666,290.98333333333335
17574,2025-05-03 02:00:00+02:00,2025-04-26 00:00:00+02:00,2025-05-03 23:50:00+02:00,2025-05-03 23:50:00+02:00,2025-05-04 03:20:00+02:00,2025-05-16 03:20:00+02:00,2025-05-20 01:20:00+02:00,111507.69230769233,2025-05-20 02:40:00+02:00,148.41666666666666,290.98333333333335
17580,2025-05-03 03:00:00+02:00,2025-04-26 00:00:00+02:00,2025-05-04 18:30:00+02:00,2025-05-04 18:30:00+02:00,2025-05-04 22:20:00+02:00,2025-05-16 22:20:00+02:00,2025-05-20 01:20:00+02:00,111507.69230769233,2025-05-20 02:40:00+02:00,148.41666666666666,290.98333333333335
17610,2025-05-03 08:00:00+02:00,2025-04-26 00:00:00+02:00,2025-05-04 19:00:00+02:00,2025-05-04 19:00:00+02:00,2025-05-04 23:00:00+02:00,2025-05-16 23:00:00+02:00,2025-05-20 01:20:00+02:00,111507.69230769233,2025-05-20 02:40:00+02:00,148.41666666666666,290.98333333333335
17706,2025-05-04 00:00:00+02:00,2025-04-26 00:00:00+02:00,2025-05-04 19:20:00+02:00,2025-05-04 19:20:00+02:00,2025-05-04 23:20:00+02:00,2025-05-16 23:20:00+02:00,2025-05-20 01:20:00+02:00,111507.69230769233,2025-05-20 02:40:00+02:00,148.41666666666666,290.98333333333335
17820,2025-05-04 19:00:00+02:00,2025-04-26 00:00:00+02:00,2025-05-04 19:50:00+02:00,2025-05-04 19:50:00+02:00,2025-05-04 23:50:00+02:00,2025-05-16 23:50:00+02:00,2025-05-20 01:20:00+02:00,111507.69230769233,2025-05-20 02:40:00+02:00,148.41666666666666,290.98333333333335
17826,2025-05-04 20:00:00+02:00,2025-04-26 00:00:00+02:00,2025-05-04 20:50:00+02:00,2025-05-04 20:50:00+02:00,2025-05-05 01:00:00+02:00,2025-05-17 01:00:00+02:00,2025-05-20 01:20:00+02:00,111507.69230769233,2025-05-20 02:40:00+02:00,136.56666666666663,290.98333333333335
17832,2025-05-04 21:00:00+02:00,2025-04-26 00:00:00+02:00,2025-05-05 03:50:00+02:00,2025-05-05 03:50:00+02:00,2025-05-05 08:50:00+02:00,2025-05-17 08:50:00+02:00,2025-05-20 01:20:00+02:00,111507.69230769233,2025-05-20 02:40:00+02:00,136.56666666666663,290.98333333333335
17838,2025-05-04 22:00:00+02:00,2025-04-26 00:00:00+02:00,2025-05-11 21:20:00+02:00,2025-05-11 21:20:00+02:00,2025-05-12 01:20:00+02:00,2025-05-22 01:20:00+02:00,2025-05-26 05:40:00+02:00,206030.76923076928,2025-05-26 07:00:00+02:00,152.1,120.21666666666667
18846,2025-05-11 22:00:00+02:00,2025-04-26 00:00:00+02:00,2025-05-11 22:40:00+02:00,2025-05-11 22:40:00+02:00,2025-05-12 02:50:00+02:00,2025-05-22 02:50:00+02:00,2025-05-26 05:40:00+02:00,206030.76923076928,2025-05-26 07:00:00+02:00,152.1,120.21666666666667
19986,2025-05-19 20:00:00+02:00,2025-04-26 00:00:00+02:00,2025-05-20 20:50:00+02:00,2025-05-20 20:50:00+02:00,2025-05-21 00:30:00+02:00,2025-05-30 00:30:00+02:00,2025-06-02 01:30:00+02:00,215446.15384615381,2025-06-02 02:50:00+02:00,160.35000000000002,293.25
20052,2025-05-20 07:00:00+02:00,2025-04-26 00:00:00+02:00,2025-05-22 02:30:00+02:00,2025-05-22 02:30:00+02:00,2025-05-22 07:00:00+02:00,2025-05-31 07:00:00+02:00,2025-06-02 01:30:00+02:00,215446.15384615381,2025-06-02 02:50:00+02:00,188.55000000000004,293.25
20064,2025-05-20 09:00:00+02:00,2025-04-26 00:00:00+02:00,2025-05-22 03:00:00+02:00,2025-05-22 03:00:00+02:00,2025-05-22 07:30:00+02:00,2025-05-31 07:30:00+02:00,2025-06-02 01:30:00+02:00,215446.15384615381,2025-06-02 02:50:00+02:00,188.55000000000004,293.25
20094,2025-05-20 14:00:00+02:00,2025-04-26 00:00:00+02:00,2025-05-22 03:10:00+02:00,2025-05-22 03:10:00+02:00,2025-05-22 07:50:00+02:00,2025-05-31 07:50:00+02:00,2025-06-02 01:30:00+02:00,215446.15384615381,2025-06-02 02:50:00+02:00,188.55000000000004,293.25
20130,2025-05-20 20:00:00+02:00,2025-04-26 00:00:00+02:00,2025-05-22 03:20:00+02:00,2025-05-22 03:20:00+02:00,2025-05-22 08:00:00+02:00,2025-05-31 08:00:00+02:00,2025-06-02 01:30:00+02:00,215446.15384615381,2025-06-02 02:50:00+02:00,188.55000000000004,293.25
20136,2025-05-20 21:00:00+02:00,2025-04-26 00:00:00+02:00,2025-05-22 03:40:00+02:00,2025-05-22 03:40:00+02:00,2025-05-22 08:20:00+02:00,2025-05-31 08:20:00+02:00,2025-06-02 01:30:00+02:00,215446.15384615381,2025-06-02 02:50:00+02:00,188.55000000000004,293.25
20142,2025-05-20 22:00:00+02:00,2025-04-26 00:00:00+02:00,2025-05-22 04:10:00+02:00,2025-05-22 04:10:00+02:00,2025-05-22 08:50:00+02:00,2025-05-31 08:50:00+02:00,2025-06-02 01:30:00+02:00,215446.15384615381,2025-06-02 02:50:00+02:00,188.55000000000004,293.25
20148,2025-05-20 23:00:00+02:00,2025-04-26 00:00:00+02:00,2025-05-22 04:20:00+02:00,2025-05-22 04:20:00+02:00,2025-05-22 09:10:00+02:00,2025-05-31 09:10:00+02:00,2025-06-02 01:30:00+02:00,215446.15384615381,2025-06-02 02:50:00+02:00,188.55000000000004,293.25
20256,2025-05-21 17:00:00+02:00,2025-04-26 00:00:00+02:00,2025-05-22 04:30:00+02:00,2025-05-22 04:30:00+02:00,2025-05-22 09:20:00+02:00,2025-05-31 09:20:00+02:00,2025-06-02 01:30:00+02:00,215446.15384615381,2025-06-02 02:50:00+02:00,188.55000000000004,293.25
20316,2025-05-22 03:00:00+02:00,2025-04-26 00:00:00+02:00,2025-05-22 04:40:00+02:00,2025-05-22 04:40:00+02:00,2025-05-22 09:30:00+02:00,2025-05-31 09:30:00+02:00,2025-06-02 01:30:00+02:00,215446.15384615381,2025-06-02 02:50:00+02:00,188.55000000000004,293.25
20322,2025-05-22 04:00:00+02:00,2025-04-26 00:00:00+02:00,2025-05-22 05:20:00+02:00,2025-05-22 05:20:00+02:00,2025-05-22 10:10:00+02:00,2025-05-31 10:10:00+02:00,2025-06-02 01:30:00+02:00,215446.15384615381,2025-06-02 02:50:00+02:00,188.55000000000004,293.25
20328,2025-05-22 05:00:00+02:00,2025-04-26 00:00:00+02:00,2025-05-22 13:20:00+02:00,2025-05-22 13:20:00+02:00,2025-05-22 17:10:00+02:00,2025-05-31 17:10:00+02:00,2025-06-02 01:30:00+02:00,215446.15384615381,2025-06-02 02:50:00+02:00,188.55000000000004,293.25
20334,2025-05-22 06:00:00+02:00,2025-04-26 00:00:00+02:00,2025-06-01 23:50:00+02:00,2025-06-01 23:50:00+02:00,2025-06-02 02:50:00+02:00,2025-06-09 02:50:00+02:00,2025-07-04 04:10:00+02:00,300000.0,2025-07-04 05:20:00+02:00,293.25,167.38333333333333
21840,2025-06-01 17:00:00+02:00,2025-04-26 00:00:00+02:00,2025-06-02 02:40:00+02:00,2025-06-02 02:40:00+02:00,2025-06-02 05:40:00+02:00,2025-06-09 05:40:00+02:00,2025-07-04 04:10:00+02:00,300000.0,2025-07-04 05:20:00+02:00,293.25,167.38333333333333
21852,2025-06-01 19:00:00+02:00,2025-04-26 00:00:00+02:00,2025-06-02 03:00:00+02:00,2025-06-02 03:00:00+02:00,2025-06-02 06:00:00+02:00,2025-06-09 06:00:00+02:00,2025-07-04 04:10:00+02:00,300000.0,2025-07-04 05:20:00+02:00,293.25,167.38333333333333
21858,2025-06-01 20:00:00+02:00,2025-04-26 00:00:00+02:00,2025-06-02 03:10:00+02:00,2025-06-02 03:10:00+02:00,2025-06-02 06:10:00+02:00,2025-06-09 06:10:00+02:00,2025-07-04 04:10:00+02:00,300000.0,2025-07-04 05:20:00+02:00,293.25,167.38333333333333
21864,2025-06-01 21:00:00+02:00,2025-04-26 00:00:00+02:00,2025-06-02 04:00:00+02:00,2025-06-02 04:00:00+02:00,2025-06-02 07:00:00+02:00,2025-06-09 07:00:00+02:00,2025-07-04 04:10:00+02:00,300000.0,2025-07-04 05:20:00+02:00,293.25,167.38333333333333
21894,2025-06-02 02:00:00+02:00,2025-04-26 00:00:00+02:00,2025-06-02 04:10:00+02:00,2025-06-02 04:10:00+02:00,2025-06-02 07:10:00+02:00,2025-06-09 07:10:00+02:00,2025-07-04 04:10:00+02:00,300000.0,2025-07-04 05:20:00+02:00,293.25,167.38333333333333
21906,2025-06-02 04:00:00+02:00,2025-04-26 00:00:00+02:00,2025-06-02 04:20:00+02:00,2025-06-02 04:20:00+02:00,2025-06-02 07:20:00+02:00,2025-06-09 07:20:00+02:00,2025-07-04 04:10:00+02:00,300000.0,2025-07-04 05:20:00+02:00,293.25,167.38333333333333
21912,2025-06-02 05:00:00+02:00,2025-04-26 00:00:00+02:00,2025-06-02 20:00:00+02:00,2025-06-02 20:00:00+02:00,2025-06-02 23:10:00+02:00,2025-06-09 23:10:00+02:00,2025-07-04 04:10:00+02:00,300000.0,2025-07-04 05:20:00+02:00,293.25,167.38333333333333
22002,2025-06-02 20:00:00+02:00,2025-04-26 00:00:00+02:00,2025-06-02 20:30:00+02:00,2025-06-02 20:30:00+02:00,2025-06-02 23:40:00+02:00,2025-06-09 23:40:00+02:00,2025-07-04 04:10:00+02:00,300000.0,2025-07-04 05:20:00+02:00,293.25,167.38333333333333
22008,2025-06-02 21:00:00+02:00,2025-04-26 00:00:00+02:00,2025-06-04 14:20:00+02:00,2025-06-04 14:20:00+02:00,2025-06-04 17:20:00+02:00,2025-06-11 17:20:00+02:00,2025-07-04 04:10:00+02:00,300000.0,2025-07-04 05:20:00+02:00,311.83333333333326,167.38333333333333
22206,2025-06-04 06:00:00+02:00,2025-04-26 00:00:00+02:00,2025-06-04 15:00:00+02:00,2025-06-04 15:00:00+02:00,2025-06-04 18:00:00+02:00,2025-06-11 18:00:00+02:00,2025-07-04 04:10:00+02:00,300000.0,2025-07-04 05:20:00+02:00,311.83333333333326,167.38333333333333
22212,2025-06-04 07:00:00+02:00,2025-04-26 00:00:00+02:00,2025-06-04 15:30:00+02:00,2025-06-04 15:30:00+02:00,2025-06-04 18:30:00+02:00,2025-06-11 18:30:00+02:00,2025-07-04 04:10:00+02:00,300000.0,2025-07-04 05:20:00+02:00,311.83333333333326,167.38333333333333
22218,2025-06-04 08:00:00+02:00,2025-04-26 00:00:00+02:00,2025-06-04 16:50:00+02:00,2025-06-04 16:50:00+02:00,2025-06-04 19:50:00+02:00,2025-06-11 19:50:00+02:00,2025-07-04 04:10:00+02:00,300000.0,2025-07-04 05:20:00+02:00,311.83333333333326,167.38333333333333
22230,2025-06-04 10:00:00+02:00,2025-04-26 00:00:00+02:00,2025-06-04 17:00:00+02:00,2025-06-04 17:00:00+02:00,2025-06-04 20:00:00+02:00,2025-06-11 20:00:00+02:00,2025-07-04 04:10:00+02:00,300000.0,2025-07-04 05:20:00+02:00,311.83333333333326,167.38333333333333
22266,2025-06-04 16:00:00+02:00,2025-04-26 00:00:00+02:00,2025-06-07 02:50:00+02:00,2025-06-07 02:50:00+02:00,2025-06-07 06:00:00+02:00,2025-06-13 06:00:00+02:00,2025-07-04 04:10:00+02:00,300000.0,2025-07-04 05:20:00+02:00,226.36666666666667,167.38333333333333
22386,2025-06-05 12:00:00+02:00,2025-04-26 00:00:00+02:00,2025-06-07 03:00:00+02:00,2025-06-07 03:00:00+02:00,2025-06-07 06:10:00+02:00,2025-06-13 06:10:00+02:00,2025-07-04 04:10:00+02:00,300000.0,2025-07-04 05:20:00+02:00,226.36666666666667,167.38333333333333
22530,2025-06-06 12:00:00+02:00,2025-04-26 00:00:00+02:00,2025-06-07 03:10:00+02:00,2025-06-07 03:10:00+02:00,2025-06-07 06:20:00+02:00,2025-06-13 06:20:00+02:00,2025-07-04 04:10:00+02:00,300000.0,2025-07-04 05:20:00+02:00,226.36666666666667,167.38333333333333
22578,2025-06-06 20:00:00+02:00,2025-04-26 00:00:00+02:00,2025-06-07 03:20:00+02:00,2025-06-07 03:20:00+02:00,2025-06-07 06:30:00+02:00,2025-06-13 06:30:00+02:00,2025-07-04 04:10:00+02:00,300000.0,2025-07-04 05:20:00+02:00,226.36666666666667,167.38333333333333
22584,2025-06-06 21:00:00+02:00,2025-04-26 00:00:00+02:00,2025-06-07 03:30:00+02:00,2025-06-07 03:30:00+02:00,2025-06-07 06:40:00+02:00,2025-06-13 06:40:00+02:00,2025-07-04 04:10:00+02:00,300000.0,2025-07-04 05:20:00+02:00,226.36666666666667,167.38333333333333
22596,2025-06-06 23:00:00+02:00,2025-04-26 00:00:00+02:00,2025-06-07 03:40:00+02:00,2025-06-07 03:40:00+02:00,2025-06-07 06:50:00+02:00,2025-06-13 06:50:00+02:00,2025-07-04 04:10:00+02:00,300000.0,2025-07-04 05:20:00+02:00,226.36666666666667,167.38333333333333
22620,2025-06-07 03:00:00+02:00,2025-04-26 00:00:00+02:00,2025-06-07 04:40:00+02:00,2025-06-07 04:40:00+02:00,2025-06-07 07:50:00+02:00,2025-06-13 07:50:00+02:00,2025-07-04 04:10:00+02:00,300000.0,2025-07-04 05:20:00+02:00,226.36666666666667,167.38333333333333
22626,2025-06-07 04:00:00+02:00,2025-04-26 00:00:00+02:00,2025-06-15 14:00:00+02:00,2025-06-15 14:00:00+02:00,2025-06-15 16:20:00+02:00,2025-06-20 16:20:00+02:00,2025-07-04 04:10:00+02:00,300000.0,2025-07-04 05:20:00+02:00,90.38333333333335,167.38333333333333
23844,2025-06-15 15:00:00+02:00,2025-04-26 00:00:00+02:00,2025-07-04 00:20:00+02:00,2025-07-04 00:20:00+02:00,2025-07-04 02:50:00+02:00,2025-07-10 02:50:00+02:00,2025-07-14 03:40:00+02:00,300000.0,2025-07-14 04:50:00+02:00,167.38333333333333,190.46666666666667
26496,2025-07-04 01:00:00+02:00,2025-04-26 00:00:00+02:00,2025-07-07 01:20:00+02:00,2025-07-07 01:20:00+02:00,2025-07-07 04:50:00+02:00,2025-07-13 04:50:00+02:00,2025-07-14 03:40:00+02:00,300000.0,2025-07-14 04:50:00+02:00,197.1,190.46666666666667
26898,2025-07-06 20:00:00+02:00,2025-04-26 00:00:00+02:00,2025-07-07 14:20:00+02:00,2025-07-07 14:20:00+02:00,2025-07-07 17:10:00+02:00,2025-07-13 17:10:00+02:00,2025-07-14 03:40:00+02:00,300000.0,2025-07-14 04:50:00+02:00,197.1,190.46666666666667
26934,2025-07-07 02:00:00+02:00,2025-04-26 00:00:00+02:00,2025-07-07 02:00:00+02:00,2025-07-07 03:10:00+02:00,2025-07-07 06:30:00+02:00,2025-07-13 06:30:00+02:00,2025-07-14 03:40:00+02:00,300000.0,2025-07-14 04:50:00+02:00,197.1,190.46666666666667
26946,2025-07-07 04:00:00+02:00,2025-04-26 00:00:00+02:00,2025-07-13 19:40:00+02:00,2025-07-13 19:40:00+02:00,2025-07-13 22:10:00+02:00,2025-07-18 22:10:00+02:00,2025-07-20 02:30:00+02:00,300000.0,NA,110.06666666666669,NA
27870,2025-07-13 14:00:00+02:00,2025-04-26 00:00:00+02:00,2025-07-14 02:00:00+02:00,2025-07-14 02:00:00+02:00,2025-07-14 04:40:00+02:00,2025-07-19 04:40:00+02:00,2025-07-20 02:30:00+02:00,300000.0,NA,190.46666666666667,NA
27906,2025-07-13 20:00:00+02:00,2025-04-26 00:00:00+02:00,2025-07-14 05:40:00+02:00,2025-07-14 05:40:00+02:00,2025-07-14 08:30:00+02:00,2025-07-19 08:30:00+02:00,2025-07-20 02:30:00+02:00,300000.0,NA,190.46666666666667,NA
27942,2025-07-14 02:00:00+02:00,2025-04-26 00:00:00+02:00,2025-07-14 05:50:00+02:00,2025-07-14 05:50:00+02:00,2025-07-14 08:40:00+02:00,2025-07-19 08:40:00+02:00,2025-07-20 02:30:00+02:00,300000.0,NA,190.46666666666667,NA
27948,2025-07-14 03:00:00+02:00,2025-04-26 00:00:00+02:00,2025-07-15 06:50:00+02:00,2025-07-15 06:50:00+02:00,2025-07-15 09:20:00+02:00,2025-07-20 09:20:00+02:00,2025-07-21 02:10:00+02:00,300000.0,2025-07-21 03:30:00+02:00,190.71666666666667,204.13333333333333
27954,2025-07-14 04:00:00+02:00,2025-04-26 00:00:00+02:00,2025-07-14 04:00:00+02:00,2025-07-14 04:10:00+02:00,2025-07-14 07:00:00+02:00,2025-07-19 07:00:00+02:00,2025-07-20 02:30:00+02:00,300000.0,NA,190.46666666666667,NA
27960,2025-07-14 05:00:00+02:00,2025-04-26 00:00:00+02:00,2025-07-19 13:30:00+02:00,2025-07-19 13:30:00+02:00,2025-07-19 16:00:00+02:00,2025-07-25 16:00:00+02:00,2025-07-27 01:30:00+02:00,203261.53846153847,2025-07-27 02:50:00+02:00,126.35,299.28333333333336
28722,2025-07-19 12:00:00+02:00,2025-04-26 00:00:00+02:00,2025-07-19 14:00:00+02:00,2025-07-19 14:00:00+02:00,2025-07-19 16:30:00+02:00,2025-07-25 16:30:00+02:00,2025-07-27 01:30:00+02:00,203261.53846153847,2025-07-27 02:50:00+02:00,126.35,299.28333333333336
28938,2025-07-21 00:00:00+02:00,2025-04-26 00:00:00+02:00,2025-07-21 00:00:00+02:00,2025-07-21 00:00:00+02:00,2025-07-21 02:50:00+02:00,2025-07-27 02:50:00+02:00,2025-07-28 01:20:00+02:00,166338.4615384615,2025-07-28 02:40:00+02:00,204.13333333333333,212.7333333333333
29526,2025-07-25 02:00:00+02:00,2025-04-26 00:00:00+02:00,2025-07-26 21:10:00+02:00,2025-07-26 21:10:00+02:00,2025-07-27 00:20:00+02:00,2025-08-02 00:20:00+02:00,2025-08-03 04:10:00+02:00,281907.69230769237,2025-08-03 05:30:00+02:00,299.28333333333336,88.3
29550,2025-07-25 06:00:00+02:00,2025-04-26 00:00:00+02:00,2025-07-26 21:40:00+02:00,2025-07-26 21:40:00+02:00,2025-07-27 00:40:00+02:00,2025-08-02 00:40:00+02:00,2025-08-03 04:10:00+02:00,281907.69230769237,2025-08-03 05:30:00+02:00,299.28333333333336,88.3
29568,2025-07-25 09:00:00+02:00,2025-04-26 00:00:00+02:00,2025-07-26 22:00:00+02:00,2025-07-26 22:00:00+02:00,2025-07-27 01:00:00+02:00,2025-08-02 01:00:00+02:00,2025-08-03 04:10:00+02:00,281907.69230769237,2025-08-03 05:30:00+02:00,299.28333333333336,88.3
29574,2025-07-25 10:00:00+02:00,2025-04-26 00:00:00+02:00,2025-07-26 22:10:00+02:00,2025-07-26 22:10:00+02:00,2025-07-27 01:10:00+02:00,2025-08-02 01:10:00+02:00,2025-08-03 04:10:00+02:00,281907.69230769237,2025-08-03 05:30:00+02:00,299.28333333333336,88.3
29580,2025-07-25 11:00:00+02:00,2025-04-26 00:00:00+02:00,2025-07-26 22:20:00+02:00,2025-07-26 22:20:00+02:00,2025-07-27 01:20:00+02:00,2025-08-02 01:20:00+02:00,2025-08-03 04:10:00+02:00,281907.69230769237,2025-08-03 05:30:00+02:00,299.28333333333336,88.3
29610,2025-07-25 16:00:00+02:00,2025-04-26 00:00:00+02:00,2025-07-26 22:30:00+02:00,2025-07-26 22:30:00+02:00,2025-07-27 01:30:00+02:00,2025-08-02 01:30:00+02:00,2025-08-03 04:10:00+02:00,281907.69230769237,2025-08-03 05:30:00+02:00,299.28333333333336,88.3
29760,2025-07-26 17:00:00+02:00,2025-04-26 00:00:00+02:00,2025-07-26 22:40:00+02:00,2025-07-26 22:40:00+02:00,2025-07-27 01:40:00+02:00,2025-08-02 01:40:00+02:00,2025-08-03 04:10:00+02:00,281907.69230769237,2025-08-03 05:30:00+02:00,299.28333333333336,88.3
29766,2025-07-26 18:00:00+02:00,2025-04-26 00:00:00+02:00,2025-07-27 04:10:00+02:00,2025-07-27 04:10:00+02:00,2025-07-27 07:20:00+02:00,2025-08-02 07:20:00+02:00,2025-08-03 04:10:00+02:00,281907.69230769237,2025-08-03 05:30:00+02:00,299.28333333333336,88.3
29802,2025-07-27 00:00:00+02:00,2025-04-26 00:00:00+02:00,2025-07-27 18:50:00+02:00,2025-07-27 18:50:00+02:00,2025-07-27 22:40:00+02:00,2025-08-02 22:40:00+02:00,2025-08-03 04:10:00+02:00,281907.69230769237,2025-08-03 05:30:00+02:00,299.28333333333336,88.3
29808,2025-07-27 01:00:00+02:00,2025-04-26 00:00:00+02:00,2025-07-27 21:10:00+02:00,2025-07-27 21:10:00+02:00,2025-07-28 00:20:00+02:00,2025-08-03 00:20:00+02:00,2025-08-03 04:20:00+02:00,281907.69230769237,2025-08-03 05:50:00+02:00,212.7333333333333,88.3
29814,2025-07-27 02:00:00+02:00,2025-04-26 00:00:00+02:00,2025-07-27 22:50:00+02:00,2025-07-27 22:50:00+02:00,2025-07-28 02:00:00+02:00,2025-08-03 02:00:00+02:00,2025-08-03 06:00:00+02:00,281907.69230769237,NA,212.7333333333333,NA
29820,2025-07-27 03:00:00+02:00,2025-04-26 00:00:00+02:00,2025-07-28 00:20:00+02:00,2025-07-28 00:20:00+02:00,2025-07-28 03:30:00+02:00,2025-08-03 03:30:00+02:00,2025-08-07 05:10:00+02:00,300000.0,2025-08-07 06:30:00+02:00,212.7333333333333,89.31666666666666
29826,2025-07-27 04:00:00+02:00,2025-04-26 00:00:00+02:00,2025-07-28 01:30:00+02:00,2025-07-28 01:30:00+02:00,2025-07-28 04:40:00+02:00,2025-08-03 04:40:00+02:00,2025-08-07 05:10:00+02:00,300000.0,2025-08-07 06:30:00+02:00,212.7333333333333,89.31666666666666
29832,2025-07-27 05:00:00+02:00,2025-04-26 00:00:00+02:00,2025-07-28 02:20:00+02:00,2025-07-28 02:20:00+02:00,2025-07-28 05:40:00+02:00,2025-08-03 05:40:00+02:00,2025-08-07 05:10:00+02:00,300000.0,2025-08-07 06:30:00+02:00,212.7333333333333,89.31666666666666
29838,2025-07-27 06:00:00+02:00,2025-04-26 00:00:00+02:00,2025-07-28 03:00:00+02:00,2025-07-28 03:00:00+02:00,2025-07-28 06:20:00+02:00,2025-08-03 06:20:00+02:00,2025-08-07 05:10:00+02:00,300000.0,2025-08-07 06:30:00+02:00,212.7333333333333,89.31666666666666
29844,2025-07-27 07:00:00+02:00,2025-04-26 00:00:00+02:00,2025-07-28 04:00:00+02:00,2025-07-28 04:00:00+02:00,2025-07-28 07:20:00+02:00,2025-08-03 07:20:00+02:00,2025-08-07 05:10:00+02:00,300000.0,2025-08-07 06:30:00+02:00,212.7333333333333,89.31666666666666
29850,2025-07-27 08:00:00+02:00,2025-04-26 00:00:00+02:00,2025-07-28 04:40:00+02:00,2025-07-28 04:40:00+02:00,2025-07-28 08:00:00+02:00,2025-08-03 08:00:00+02:00,2025-08-07 05:10:00+02:00,300000.0,2025-08-07 06:30:00+02:00,212.7333333333333,89.31666666666666
29856,2025-07-27 09:00:00+02:00,2025-04-26 00:00:00+02:00,2025-07-28 05:50:00+02:00,2025-07-28 05:50:00+02:00,2025-07-28 09:10:00+02:00,2025-08-03 09:10:00+02:00,2025-08-07 05:10:00+02:00,300000.0,2025-08-07 06:30:00+02:00,212.7333333333333,89.31666666666666
29862,2025-07-27 10:00:00+02:00,2025-04-26 00:00:00+02:00,2025-07-28 07:00:00+02:00,2025-07-28 07:00:00+02:00,2025-07-28 10:10:00+02:00,2025-08-03 10:10:00+02:00,2025-08-07 05:10:00+02:00,300000.0,2025-08-07 06:30:00+02:00,212.7333333333333,89.31666666666666
29868,2025-07-27 11:00:00+02:00,2025-04-26 00:00:00+02:00,2025-07-28 08:10:00+02:00,2025-07-28 08:10:00+02:00,2025-07-28 11:10:00+02:00,2025-08-03 11:10:00+02:00,2025-08-07 05:10:00+02:00,300000.0,2025-08-07 06:30:00+02:00,212.7333333333333,89.31666666666666
29916,2025-07-27 19:00:00+02:00,2025-04-26 00:00:00+02:00,2025-07-29 04:00:00+02:00,2025-07-29 04:00:00+02:00,2025-07-29 08:00:00+02:00,2025-08-04 08:00:00+02:00,2025-08-07 05:10:00+02:00,300000.0,2025-08-07 06:30:00+02:00,99.06666666666666,89.31666666666666
29934,2025-07-27 22:00:00+02:00,2025-04-26 00:00:00+02:00,2025-07-27 22:00:00+02:00,2025-07-27 22:20:00+02:00,2025-07-28 01:30:00+02:00,2025-08-03 01:30:00+02:00,2025-08-03 05:30:00+02:00,281907.69230769237,2025-08-03 07:00:00+02:00,212.7333333333333,88.3
33144,2025-08-19 05:00:00+02:00,2025-04-26 00:00:00+02:00,2025-08-21 04:50:00+02:00,2025-08-21 04:50:00+02:00,2025-08-21 08:00:00+02:00,2025-08-27 08:00:00+02:00,2025-08-28 03:40:00+02:00,262707.6923076923,2025-08-28 04:50:00+02:00,158.88333333333333,332.1
33240,2025-08-19 21:00:00+02:00,2025-04-26 00:00:00+02:00,2025-08-21 05:10:00+02:00,2025-08-21 05:10:00+02:00,2025-08-21 08:20:00+02:00,2025-08-27 08:20:00+02:00,2025-08-28 03:40:00+02:00,262707.6923076923,2025-08-28 04:50:00+02:00,158.88333333333333,332.1
33300,2025-08-20 07:00:00+02:00,2025-04-26 00:00:00+02:00,2025-08-21 05:40:00+02:00,2025-08-21 05:40:00+02:00,2025-08-21 08:40:00+02:00,2025-08-27 08:40:00+02:00,2025-08-28 03:40:00+02:00,262707.6923076923,2025-08-28 04:50:00+02:00,158.88333333333333,332.1
33408,2025-08-21 01:00:00+02:00,2025-04-26 00:00:00+02:00,2025-08-21 15:10:00+02:00,2025-08-21 15:10:00+02:00,2025-08-22 02:50:00+02:00,2025-08-28 02:50:00+02:00,2025-08-29 00:30:00+02:00,157846.15384615384,2025-08-29 01:50:00+02:00,150.45,247.0
33420,2025-08-21 03:00:00+02:00,2025-04-26 00:00:00+02:00,2025-08-22 00:00:00+02:00,2025-08-22 00:00:00+02:00,2025-08-22 03:00:00+02:00,2025-08-28 03:00:00+02:00,2025-08-29 00:30:00+02:00,157846.15384615384,2025-08-29 01:50:00+02:00,150.45,247.0
33426,2025-08-21 04:00:00+02:00,2025-04-26 00:00:00+02:00,2025-08-22 01:10:00+02:00,2025-08-22 01:10:00+02:00,2025-08-22 04:10:00+02:00,2025-08-28 04:10:00+02:00,2025-08-29 00:30:00+02:00,157846.15384615384,2025-08-29 01:50:00+02:00,150.45,247.0
33432,2025-08-21 05:00:00+02:00,2025-04-26 00:00:00+02:00,2025-08-22 01:20:00+02:00,2025-08-22 01:20:00+02:00,2025-08-22 04:20:00+02:00,2025-08-28 04:20:00+02:00,2025-08-29 00:30:00+02:00,157846.15384615384,2025-08-29 01:50:00+02:00,150.45,247.0
33438,2025-08-21 06:00:00+02:00,2025-04-26 00:00:00+02:00,2025-08-22 01:30:00+02:00,2025-08-22 01:30:00+02:00,2025-08-22 04:40:00+02:00,2025-08-28 04:40:00+02:00,2025-08-29 00:30:00+02:00,157846.15384615384,2025-08-29 01:50:00+02:00,150.45,247.0
33444,2025-08-21 07:00:00+02:00,2025-04-26 00:00:00+02:00,2025-08-28 04:10:00+02:00,2025-08-28 04:10:00+02:00,2025-08-28 07:10:00+02:00,None,NA,NA,NA,NA,NA
34248,2025-08-26 21:00:00+02:00,2025-04-26 00:00:00+02:00,2025-08-28 04:20:00+02:00,2025-08-28 04:20:00+02:00,2025-08-28 07:20:00+02:00,None,NA,NA,NA,NA,NA
34266,2025-08-27 00:00:00+02:00,2025-04-26 00:00:00+02:00,2025-08-28 04:30:00+02:00,2025-08-28 04:30:00+02:00,2025-08-28 07:30:00+02:00,None,NA,NA,NA,NA,NA
34416,2025-08-28 01:00:00+02:00,2025-04-26 00:00:00+02:00,2025-08-28 05:10:00+02:00,2025-08-28 05:10:00+02:00,2025-08-28 08:10:00+02:00,None,NA,NA,NA,NA,NA
34428,2025-08-28 03:00:00+02:00,2025-04-26 00:00:00+02:00,2025-08-28 05:20:00+02:00,2025-08-28 05:20:00+02:00,2025-08-28 08:20:00+02:00,None,NA,NA,NA,NA,NA
34434,2025-08-28 04:00:00+02:00,2025-04-26 00:00:00+02:00,2025-08-28 05:30:00+02:00,2025-08-28 05:30:00+02:00,2025-08-28 08:30:00+02:00,None,NA,NA,NA,NA,NA
34440,2025-08-28 05:00:00+02:00,2025-04-26 00:00:00+02:00,2025-08-28 06:30:00+02:00,2025-08-28 06:30:00+02:00,2025-08-28 09:30:00+02:00,None,NA,NA,NA,NA,NA
34446,2025-08-28 06:00:00+02:00,2025-04-26 00:00:00+02:00,2025-08-28 07:30:00+02:00,2025-08-28 07:30:00+02:00,2025-08-28 10:30:00+02:00,None,NA,NA,NA,NA,NA
34452,2025-08-28 07:00:00+02:00,2025-04-26 00:00:00+02:00,2025-08-28 08:00:00+02:00,2025-08-28 08:00:00+02:00,2025-08-28 11:00:00+02:00,None,NA,NA,NA,NA,NA
34458,2025-08-28 08:00:00+02:00,2025-04-26 00:00:00+02:00,2025-08-28 10:40:00+02:00,2025-08-28 10:40:00+02:00,2025-08-28 13:20:00+02:00,None,NA,NA,NA,NA,NA
34464,2025-08-28 09:00:00+02:00,2025-04-26 00:00:00+02:00,2025-08-28 21:50:00+02:00,2025-08-28 21:50:00+02:00,2025-08-29 00:50:00+02:00,None,NA,NA,NA,NA,NA
34476,2025-08-28 11:00:00+02:00,2025-04-26 00:00:00+02:00,2025-08-28 22:00:00+02:00,2025-08-28 22:00:00+02:00,2025-08-29 01:00:00+02:00,None,NA,NA,NA,NA,NA
34530,2025-08-28 20:00:00+02:00,2025-04-26 00:00:00+02:00,2025-08-28 22:10:00+02:00,2025-08-28 22:10:00+02:00,2025-08-29 01:10:00+02:00,None,NA,NA,NA,NA,NA
34536,2025-08-28 21:00:00+02:00,2025-04-26 00:00:00+02:00,2025-08-28 23:20:00+02:00,2025-08-28 23:20:00+02:00,2025-08-29 02:30:00+02:00,None,NA,NA,NA,NA,NA
34542,2025-08-28 22:00:00+02:00,2025-04-26 00:00:00+02:00,2025-08-29 21:40:00+02:00,2025-08-29 21:40:00+02:00,2025-08-30 01:10:00+02:00,None,NA,NA,NA,NA,NA
34548,2025-08-28 23:00:00+02:00,2025-04-26 00:00:00+02:00,2025-08-29 22:00:00+02:00,2025-08-29 22:00:00+02:00,2025-08-30 01:30:00+02:00,None,NA,NA,NA,NA,NA
34554,2025-08-29 00:00:00+02:00,2025-04-26 00:00:00+02:00,2025-08-30 01:40:00+02:00,2025-08-30 01:40:00+02:00,2025-08-30 05:30:00+02:00,None,NA,NA,NA,NA,NA
34578,2025-08-29 04:00:00+02:00,2025-04-26 00:00:00+02:00,2025-08-30 03:10:00+02:00,2025-08-30 03:10:00+02:00,2025-08-30 07:00:00+02:00,None,NA,NA,NA,NA,NA
34680,2025-08-29 21:00:00+02:00,2025-04-26 00:00:00+02:00,2025-08-30 03:20:00+02:00,2025-08-30 03:20:00+02:00,2025-08-30 07:10:00+02:00,None,NA,NA,NA,NA,NA
